position_mut,AS_old,mean
64,P,-0.06602817123894628
65,R,-0.10052503214256303
66,M,-0.07917163896978441
67,P,0.030255499448934797
68,E,-0.06022134188388291
69,A,-0.08401185628931733
71,P,-0.03472802522441251
72,R,-0.038594064865423015
73,V,-0.08403665655562723
74,A,-0.06574198310029238
75,P,-0.0016460562346834184
76,A,-0.054826343347926715
77,P,-0.07389284132567042
78,A,-0.034531590141232416
79,A,-0.13228424078862946
80,P,-0.06342176808933807
81,T,-0.08087383409079882
82,P,-0.024211026554591914
84,A,-0.08559021687253483
85,P,-0.03019105539956274
86,A,-0.013229708050760802
87,P,-0.08299318621727143
88,A,0.003735076783666824
89,P,-0.02915493286820805
90,S,-0.05411944559187193
91,W,-0.06553106165743719
92,P,-0.1881236547627022
