position_mut,AS_old,mean
64,P,-0.03278666887776557
65,R,-0.0786840743053473
66,M,-0.045440575477279165
67,P,0.010914403167455919
68,E,-0.06562969952655533
69,A,-0.0600088015265254
70,A,-0.10029792991469846
72,R,-0.1320183364676216
73,V,-0.10043641299005396
74,A,-0.09590897262063043
75,P,-0.057189075951985614
76,A,-0.021303939846254893
77,P,0.10076379484774278
78,A,-0.0911836700596867
79,A,-0.05963754020020129
80,P,-0.0009036952236522122
81,T,-0.10601199293299679
82,P,-0.059073408511604725
83,A,-0.11766807162780231
84,A,-0.07851230717330213
85,P,0.007588993726092075
86,A,-0.039131060577785315
88,A,0.01388979984830748
89,P,0.038639725695584735
90,S,-0.12835594235689604
91,W,-0.08430441158896668
92,P,-0.08570406462190742
