position_mut,AS_old,mean
64,P,-0.11674898866704435
65,R,-0.11794822887765016
66,M,-0.12318548233776472
67,P,-0.10094921467891924
68,E,-0.11917681438031742
69,A,-0.11731305905952062
70,A,-0.16126925834260056
71,P,-0.13051974614929998
72,R,-0.1134021646688773
73,V,-0.13152782791847226
74,A,-0.14434033794585982
75,P,-0.10824818459584983
76,A,-0.14000031310264638
77,P,-0.09341731582098581
78,A,-0.1416893847177616
79,A,-0.1503448949706366
80,P,-0.11646985824403684
81,T,-0.13418204925625277
82,P,-0.12287956291725896
83,A,-0.13551800422115015
84,A,-0.1321030488812075
85,P,-0.10063318441673882
86,A,-0.1365499456965197
87,P,-0.09003497600043572
88,A,-0.1143320380087685
89,P,-0.0910342916761774
90,S,-0.13847745086818447
91,W,-0.18212770495894468
92,P,-0.18540715190059023
