position_mut,AS_old,mean
64,P,0.14929950828055316
65,R,0.2161075207875242
66,M,0.32551989430891143
67,P,0.21199263313907513
68,E,0.15020133897188725
69,A,0.19023703261860966
70,A,0.23575260487277605
71,P,0.31805994910644114
72,R,0.24944081334721113
73,V,0.24659286355511054
74,A,0.2546695815984547
75,P,0.29675360990567057
76,A,0.30654143302834175
77,P,0.22544903849889864
78,A,0.2615959572010812
79,A,0.25809034248879714
80,P,0.2778563794024897
81,T,0.24238371799309721
82,P,0.25243288215980986
83,A,0.20067696340189228
84,A,0.37477691401108104
85,P,0.31858131766322284
86,A,0.17195199823512697
87,P,0.2293631546434597
88,A,0.18137768172553986
89,P,0.2587343901069543
90,S,0.1578434765149849
91,W,0.1873812753946369
92,P,0.24651326087179096
