position_mut,AS_old,mean
64,P,0.3516774012082231
65,R,0.25858935549495543
66,M,0.2695676830054405
67,P,0.4268374679257966
68,E,0.26383646578486925
69,A,0.3779259617562898
70,A,0.25598551307090506
71,P,0.5179471133623728
72,R,0.40900824906250605
73,V,0.2670998016957832
74,A,0.42979203050144943
75,P,0.4558223062912834
76,A,0.33528710387322447
77,P,0.4988485732590645
78,A,0.3578722617863785
79,A,0.31942820123882176
80,P,0.2763404566015848
81,T,0.26232097505660723
82,P,0.4272690644142134
83,A,0.4527277726550575
84,A,0.47879043887163164
85,P,0.39848201927596216
86,A,0.10909193138161115
87,P,0.22722908607672815
88,A,0.2525289798066595
89,P,0.4307816928190972
90,S,0.2612089024718961
91,W,0.020089445542916813
92,P,0.3616661704337307
