position_mut,AS_old,mean
64,P,0.3062960771521496
65,R,0.29629969906984827
66,M,0.27456614546033287
67,P,0.2764475697318316
68,E,0.2955138570086876
69,A,0.22915987433008095
70,A,0.28560232385153367
71,P,0.3157820490788855
72,R,0.2548785816051707
73,V,0.2950021035796926
74,A,0.2792499605071284
75,P,0.25875621700800067
76,A,0.26800663145454207
77,P,0.23207313742454597
78,A,0.2927830987380074
79,A,0.27741765241026806
80,P,0.21808771840706845
81,T,0.2592078479347257
82,P,0.24298654559845234
83,A,0.2745170693325815
84,A,0.26680813303694406
85,P,0.25026397357108404
86,A,0.23557624097376678
87,P,0.18151219278357308
88,A,0.19990133643776214
89,P,0.2583546644526983
90,S,0.2194456835013561
91,W,0.10136502410881462
92,P,0.24743360340373036
