position_mut,AS_old,mean
64,P,0.3872859570998454
65,R,0.3717086362927285
66,M,0.28452874939123257
67,P,0.2906217314541054
68,E,0.35236779699780346
69,A,0.13748079230381718
70,A,0.3202693518693147
71,P,0.4180062245451441
72,R,0.22077068309627015
73,V,0.36750638049845946
74,A,0.2996972584289127
75,P,0.23332838383060972
76,A,0.2632857996834511
77,P,0.14691537866899915
78,A,0.34352425149169447
79,A,0.2937633388250513
80,P,0.10162367678860855
81,T,0.23479098808062387
82,P,0.1822583904796486
83,A,0.2843698166238423
84,A,0.25940446920875226
85,P,0.20582630058520499
86,A,0.1582601600737729
87,P,-0.016825959978636857
88,A,0.04272717970065086
89,P,0.23202795810855323
90,S,0.10602143921085642
91,W,-0.3771574858240333
92,P,0.1966601625044843
