position_mut,AS_old,mean
64,P,0.31552735165668844
65,R,0.2867831166032955
66,M,0.2901730645180526
67,P,0.338735687461838
68,E,0.2884033479699409
69,A,0.32363252551038457
70,A,0.2859790879215736
71,P,0.36686902127493565
72,R,0.3332302839065481
73,V,0.2894110186516353
74,A,0.3396480134270442
75,P,0.34768578412117107
76,A,0.310466266147993
77,P,0.36097166977615014
78,A,0.3174402345324337
79,A,0.30556926759657566
80,P,0.29226439853112923
81,T,0.28793538646768124
82,P,0.3388689581822213
83,A,0.346730237127583
84,A,0.35477800951454325
85,P,0.3299799371956245
86,A,0.24062048566970531
87,P,0.2770995213726913
88,A,0.2849117607061825
89,P,0.3399536067614407
90,S,0.28759199462261187
91,W,0.2131378121031779
92,P,0.31861173836082535
