position_mut,AS_old,mean
356,G,0.7152706101985122
357,K,0.6356886211970593
358,E,0.8407436343518275
359,P,0.7491775155243923
360,G,0.6508606464739893
361,G,0.6982493511707712
362,S,1.0392295830847642
363,R,0.8574738486778164
364,A,1.0226095334181664
365,H,0.9676419045878555
366,S,0.9964501859887317
367,S,1.0436124232309487
368,H,1.0729880208486793
369,L,1.0462712059447177
370,K,0.987588122527379
371,S,1.1073883149818424
372,K,0.9437311929845746
373,K,0.965452115097853
374,G,1.1359469310822043
375,Q,0.9916143103843682
376,S,0.9327703997596896
377,T,0.9567404894008181
378,S,0.9712196853493582
379,R,0.9638671777366978
380,H,1.0908022151110268
381,K,1.0193669138094625
382,K,1.039142386461897
383,L,0.9447072431213375
384,M,1.077995860579525
385,F,0.9271863982685206
386,K,0.9012619436658132
387,T,0.9892946938721916
388,E,1.1784798375376622
389,G,0.9912872736377271
390,P,1.0287929049677378
391,D,1.1426938953314534
392,S,1.1820390974079171
393,D,1.172916955137413
