position_mut,AS_old,mean
356,G,-0.0254648841118863
357,K,0.03769742688152834
358,E,-0.026407523925763825
359,P,-0.03960071533634603
360,G,-0.011549952177392575
361,G,-0.0146249263608104
362,S,-0.07836961062231929
363,R,-0.023105223824645287
364,A,-0.045710303194818724
365,H,-0.052330897997371506
366,S,-0.008342246001642415
367,S,-0.09664874196025489
368,H,-0.028275800776110402
369,L,-0.10852550352732364
370,K,-0.08964751099563485
371,S,-0.08012639971109256
372,K,-0.039145278675841375
373,K,-0.04063902966483603
374,G,-0.10579799974459078
375,Q,-0.07278062262847916
376,S,-0.09116012672932848
377,T,-0.07925906807018128
378,S,-0.09375826631897996
379,R,-0.07777190543710333
380,H,-0.08196632039132179
381,K,-0.06308287262949266
382,K,-0.015906668564153046
383,L,-0.08638721850680271
384,M,-0.11208166155945636
385,F,-0.0557743371013097
386,K,-0.013813930371784942
387,T,-0.038878534566313135
388,E,-0.12016596079523369
389,G,-0.10207080190923419
390,P,-0.057296475026111446
391,D,-0.10514602062770617
392,S,-0.17436284410786043
393,D,-0.20113080462971403
