position_mut,AS_old,mean
356,G,0.3445189413979759
357,K,0.3591745112123975
358,E,0.40906760306036877
359,P,0.37700221327442307
360,G,0.3668640682996835
361,G,0.34568117369028545
362,S,0.4215740139424734
363,R,0.394396388174982
364,A,0.41872128706414663
365,H,0.43366676963901873
366,S,0.41009952703587704
367,S,0.4006989091851456
368,H,0.438396612206977
369,L,0.4150634554270942
370,K,0.4086676408559323
371,S,0.4585121211784059
372,K,0.4247511786905653
373,K,0.43333270678868135
374,G,0.4018421635883005
375,Q,0.4153590473598237
376,S,0.42196847870859294
377,T,0.37399029188743577
378,S,0.42928385226060506
379,R,0.4351653543583326
380,H,0.442727380567674
381,K,0.448745139339309
382,K,0.43393244826393607
383,L,0.44131952392507384
384,M,0.4344071602907825
385,F,0.40284030012525307
386,K,0.3790946831911972
387,T,0.41818148969512314
388,E,0.4469271127406959
389,G,0.3829074379470107
390,P,0.44358320118935246
391,D,0.4524878710595962
392,S,0.3697286292419213
393,D,0.43850855161126606
