position_mut,AS_old,mean
356,G,0.222364702015677
357,K,0.31155955180418904
358,E,0.3848212498465458
359,P,0.36699971386544644
360,G,0.32788473096719384
361,G,0.3408942255016345
362,S,0.3544501547461461
363,R,0.4160290560291825
364,A,0.31729893572123175
365,H,0.41544415093033515
366,S,0.4200223583756494
367,S,0.3675498514333562
368,H,0.3939856727771794
369,L,0.425034374399055
370,K,0.41826677275226515
371,S,0.37359027398366496
372,K,0.36489217051262834
373,K,0.4547309398266915
374,G,0.48634533519487844
375,Q,0.4588300469458092
376,S,0.1470900601004297
377,T,0.2660810842360048
378,S,0.35153337126620027
379,R,0.33720270857786727
380,H,0.43469533693897355
381,K,0.40117562107587884
382,K,0.36231562269257617
383,L,0.5364473774351586
384,M,0.5479402467886983
385,F,0.39369417440172927
386,K,0.2776549318759016
387,T,0.3928097523364674
388,E,0.4379556348749099
389,G,0.3780785299450692
390,P,0.22537630619459836
391,D,0.44603102333715783
392,S,0.510509067534411
393,D,0.46784081891779766
