position_mut,AS_old,mean
356,G,0.4277996480934019
357,K,0.40322588697996736
358,E,0.4665438936244787
359,P,0.4382696074652241
360,G,0.40791078779031853
361,G,0.4225437307879175
362,S,0.5278334686870915
363,R,0.47170994055773524
364,A,0.522701438998905
365,H,0.5057282344233904
366,S,0.5146238128591195
367,S,0.5291868259994947
368,H,0.5382575834344376
369,L,0.5300078194438719
370,K,0.5118873365131035
371,S,0.5488798940962734
372,K,0.49834495433245796
373,K,0.5050520592675392
374,G,0.5576983795172366
375,Q,0.5131305647841845
376,S,0.4949604207501526
377,T,0.5023620359158397
378,S,0.5068330011030449
379,R,0.5045626536547683
380,H,0.543758347611408
381,K,0.5217001652101263
382,K,0.527806543637754
383,L,0.4986463444233126
384,M,0.5398039315313409
385,F,0.49323616227882255
386,K,0.48523106762868284
387,T,0.5124143009315184
388,E,0.5708319226192744
389,G,0.5130295805918049
390,P,0.5246107742296694
391,D,0.5597817439792496
392,S,0.5719309703169977
393,D,0.5691141854161573
