position_mut,AS_old,mean
356,G,-0.02198023458653975
357,K,0.09063163938773683
358,E,0.0035072980645204366
359,P,-0.03412916155553802
360,G,0.03560386884111988
361,G,0.02611393765153854
362,S,-0.002498601625688398
363,R,0.11519927141168917
364,A,0.009917612497865658
365,H,0.05513850109323712
366,S,0.001716132977991817
367,S,0.12045842155167856
368,H,-0.03850661844306044
369,L,0.13266993265478688
370,K,0.08726857527597413
371,S,0.05310886270175763
372,K,0.0551065541521357
373,K,-0.06493318885721155
374,G,0.11601933973633494
375,Q,0.01936613279333546
376,S,0.12585624484647684
377,T,0.10726924874125607
378,S,-0.048044025313547865
379,R,0.014917469881737366
380,H,-0.010411325947120575
381,K,0.08172314236934985
382,K,0.007787523426826581
383,L,0.030506403253770225
384,M,0.02590534792146726
385,F,0.08642390477477324
386,K,0.05165151769081031
387,T,-0.040066053067076425
388,E,-0.006427110899873356
389,G,0.03309730987648781
390,P,0.02924035240160483
391,D,-0.036807776893801714
392,S,-0.13313977383173856
393,D,0.04343120460254929
