position_mut,AS_old,mean
356,G,-0.06458739428318905
357,K,0.11871492298471986
358,E,0.05965545944830175
359,P,-0.05763499184161519
360,G,0.029145072931973992
361,G,0.1747563683326393
362,S,-0.04742496976262681
363,R,0.08258580254347878
364,A,0.038438092734201346
365,H,-0.09755413466569907
366,S,0.050061340940648444
367,S,-0.026452908141545838
368,H,-0.05922515682868007
369,L,-0.0021066418722582025
370,K,0.003310215436388838
371,S,-0.0507259357815533
372,K,0.031819851310612046
373,K,-0.009282846478089168
374,G,-0.04944764911843306
375,Q,-0.014743254384434246
376,S,0.04683346148763157
377,T,-0.05524818804136996
378,S,-0.06448678592803148
379,R,0.1448705232899917
380,H,-0.04053999991885073
381,K,-0.024842282400045136
382,K,0.021232586048181068
383,L,0.056005648852131176
384,M,0.06482565906247029
385,F,0.1555079696526929
386,K,0.07763577509938495
387,T,0.06557678134747408
388,E,-0.08018578225152091
389,G,-0.03178811183776491
390,P,-0.012890992990904904
391,D,-0.09502137186722162
392,S,-0.06377270432705948
393,D,-0.04875781042819671
