position_mut,AS_old,mean
356,G,0.52786638499476
357,K,0.5585324723716208
358,E,0.7201109734551617
359,P,0.6162673865702318
360,G,0.6002309544686445
361,G,0.5316302678239602
362,S,0.7606129156964405
363,R,0.6725983254621566
364,A,0.7513743755312952
365,H,0.7871783173092549
366,S,0.7234528535235057
367,S,0.6930090047797017
368,H,0.8024958862188052
369,L,0.7563244022133349
370,K,0.7188156980755595
371,S,0.8802367710035304
372,K,0.7709021461024539
373,K,0.7986933772276953
374,G,0.6967114278201858
375,Q,0.7404857809065434
376,S,0.7618903876525597
377,T,0.6233091900128304
378,S,0.7855811843063725
379,R,0.8046283962123063
380,H,0.8165210555226775
381,K,0.848606454516427
382,K,0.8006356366672297
383,L,0.824558640203558
384,M,0.8021729889319058
385,F,0.6999438874562601
386,K,0.6230438387841974
387,T,0.7496262447471492
388,E,0.8427187854653886
389,G,0.6521873180438497
390,P,0.8318895464623549
391,D,0.848130349817977
392,S,0.6330220709809937
393,D,0.8028584013584223
