position_mut,AS_old,mean
1,M,0.05865328907087386
2,E,-0.04856614529874487
3,E,-0.05135122406867062
4,P,-0.11069744717131733
5,Q,-0.019531887970509865
6,S,-0.050852388198125056
7,D,-0.07596599893433494
8,P,-0.038555022707429276
9,S,-0.08071605839022991
10,V,-0.0016568609584920457
11,E,-0.010520953768980545
12,P,-0.03950231581445037
13,P,-0.0899685261625593
14,L,-0.10718557664827522
15,S,-0.0769281224680191
17,E,0.03478350496258501
18,T,-0.044651922684164236
19,F,-0.14136399404134117
20,S,0.034568609804814465
21,D,-0.051670638084937937
22,L,-0.09691589973340682
23,W,-0.14599138453494853
24,K,-0.039363304258570486
25,L,-0.09449560042784007
26,L,-0.17831480987669762
27,P,-0.2546306788130193
28,E,0.002311265365054993
29,N,-0.18092923124221202
30,N,-0.07293797414179473
31,V,-0.05502232151924075
32,L,-0.03251021959421548
33,S,-0.03725647439780272
34,P,-0.02598188647261107
35,L,-0.09307296283122475
36,P,-0.07804487106664285
37,S,-0.08905427594160509
38,Q,-0.08092044264539607
39,A,-0.07656903629564982
40,M,-0.06817209153776649
41,D,-0.09768893865409953
42,D,-0.030945013227697916
43,L,-0.10306277673981484
