position_mut,AS_old,mean
1,M,-0.11051601096389818
2,E,-0.07397095439259105
3,E,-0.09175016690485245
4,P,-0.1196951932797284
5,Q,-0.0742886856893186
6,S,-0.03541754189674484
7,D,-0.09777431293375669
8,P,3.550424112908068e-05
9,S,-0.10288556433050582
10,V,-0.0975703485718481
11,E,-0.00036533600201447134
12,P,-0.0612377753185096
13,P,-0.13345562892140075
14,L,-0.13142183378300928
15,S,-0.026550941062863154
16,Q,-0.01231366727364877
17,E,-0.02903274287030877
18,T,-0.05811394324583663
19,F,-0.1490201344414216
20,S,0.010944479526897144
21,D,-0.02923790125421762
22,L,-0.11426656786871447
23,W,-0.1637758410422367
24,K,-0.0939324818141724
25,L,-0.11415513640115678
26,L,-0.1266063074648698
27,P,-0.2688171684396697
28,E,-0.0603992617747461
29,N,-0.01671303635122708
30,N,-0.03454302191156461
31,V,-0.03739278648866767
32,L,0.0839262300621044
33,S,-0.023874040193733254
34,P,-0.0012595553263883507
35,L,-0.04557619993068296
36,P,-0.10129029990581406
37,S,0.19428212394512612
38,Q,0.039911510252675454
39,A,-0.114656421965629
40,M,-0.06888988728327455
41,D,0.018455169993568516
42,D,-0.033686862936415575
43,L,-0.012268367163576183
