position_mut,AS_old,mean
1,M,-1.120068125511826
2,E,0.05983336498139626
3,E,-0.0028613603213279047
4,P,0.3462866337970049
5,Q,0.30266552912481837
6,S,0.1931599610955868
7,D,0.2787843422018069
8,P,0.19862690697917448
9,S,0.14951472123020162
10,V,0.48704842650851
11,E,0.28108885863161975
12,P,0.4183160628143977
13,P,0.2996175258781289
14,L,0.39046083758067124
15,S,0.40277001447580113
16,Q,0.2908884490657754
17,E,0.3538170432540146
18,T,-0.35489158932154896
19,F,-1.4732797888463562
20,S,0.12015968203422475
21,D,-0.07060465544730805
22,L,-0.7802151585634169
23,W,-1.4786667604285184
24,K,-0.556429681958517
25,L,-0.18936386239321235
26,L,-1.1576789407299954
27,P,0.3490245727518876
28,E,0.3498954914026645
29,N,0.43595022318307197
30,N,0.3039463044178347
31,V,0.07290520907294432
32,L,0.1569414531891697
33,S,0.5777676535408768
34,P,0.9322721573215966
35,L,0.5627633958339656
36,P,0.5966482500081665
37,S,0.6307096903289118
38,Q,0.594752152675849
39,A,0.6190559767750455
40,M,0.5980612566596532
41,D,0.7637650669367508
42,D,0.6658764869872134
43,L,0.8403814381794973
