position_mut,AS_old,mean
1,M,0.05679921587082096
2,E,-0.0665185993468812
3,E,0.21763704806836862
4,P,0.2654914027639885
5,Q,0.24342485082169213
6,S,0.291116636369187
7,D,0.2462381646986199
8,P,0.236639623271087
9,S,0.24528778396614373
10,V,0.29815214528734757
11,E,0.2237284703290413
12,P,0.2032592184621096
13,P,0.26521257618482796
14,L,0.3810267419289656
15,S,0.2726436450015176
16,Q,0.23865161452085037
17,E,0.13579737867414313
18,T,0.2435452097254164
19,F,-0.22568819915526311
20,S,0.042022181233128286
21,D,0.06546571014260949
22,L,-0.19704072247519208
23,W,-0.31236194980384524
24,K,0.06091775367533855
25,L,0.252887671578449
26,L,-0.23882879434206883
27,P,0.18115124717636855
28,E,0.18735230448586704
29,N,0.36195479970371597
30,N,0.2339701348307816
31,V,0.06632107181514472
32,L,0.219350081581224
33,S,0.3104557987311825
34,P,0.3501670296317693
35,L,0.41497853327191303
36,P,0.02245237691095414
37,S,0.34176402028343683
38,Q,0.3014474735008138
39,A,0.30189125974526904
40,M,0.4972790879250372
41,D,0.37620839916814325
42,D,0.23139616451350822
43,L,0.4823571537221233
