position_mut,AS_old,mean
1,M,-0.1389262684045524
2,E,0.22541015656512572
3,E,0.206050936947815
4,P,0.3138627610597012
5,Q,0.30039319817030347
6,S,0.2665794709299332
7,D,0.29301903487136094
8,P,0.2682675843315837
9,S,0.25310245544379173
10,V,0.35732795602898176
11,E,0.2937306360381423
12,P,0.336104401461252
13,P,0.29945201908447083
14,L,0.3275031129128846
15,S,0.33130400776760355
16,Q,0.2967566070820934
17,E,0.3161880420108914
18,T,0.09734912061094139
19,F,-0.2479928944862792
20,S,0.24403804615057503
21,D,0.18513279237326402
22,L,-0.03398461353677016
23,W,-0.2496563129864437
24,K,0.03511708788771252
25,L,0.14846167597962517
26,L,-0.15053994129774867
27,P,0.3147081968004342
28,E,0.314977123816986
29,N,0.34154957378947676
30,N,0.3007886829588276
31,V,0.22944655196122343
32,L,0.25539572229101604
33,S,0.38534073431538657
34,P,0.4948065707295147
35,L,0.3807076376913839
36,P,0.39117078798818244
37,S,0.40168846551954207
38,Q,0.39058530070045794
39,A,0.3980899682144312
40,M,0.39160710389761133
41,D,0.4427740312442112
42,D,0.4125474610165013
43,L,0.46643205271265026
