position_mut,AS_old,mean
1,M,-0.873280128312226
2,E,-0.08367512619346242
3,E,-0.14160352252400912
4,P,0.10381272385271913
5,Q,0.26156830779966417
6,S,0.011297552272371003
7,D,0.27795654020635485
8,P,-0.008046757854337252
9,S,0.18016271322920965
10,V,0.4599406481913616
11,E,0.3388246310483853
12,P,0.2816598672897079
13,P,0.2125570812104493
14,L,0.4239119754896747
15,S,0.5017141087633235
16,Q,0.24443597876710457
17,E,0.1095986237069444
18,T,-0.03480769196964244
19,F,-1.1039981325479242
20,S,0.29167056031179517
21,D,0.27337135903264953
22,L,-0.6982241153725096
23,W,-1.0425753632035928
24,K,-0.6010301165700616
25,L,-0.08951999486612437
26,L,-0.6474652668387039
27,P,-0.1217273671275146
28,E,0.35710388469861426
29,N,0.09978401942797302
30,N,0.11549102549700493
31,V,0.029144566958997975
32,L,0.25191313953781663
33,S,0.22383286388680998
34,P,0.5744631319571624
35,L,0.5008017476518618
36,P,0.16315822062663932
37,S,0.41440404507349365
38,Q,0.17160518725340598
39,A,0.3342108843127803
40,M,0.4716438337732685
41,D,0.47046874042410614
42,D,0.49031427842830944
43,L,0.3984178160370089
