position_mut,AS_old,mean
44,M,-0.09224482621712485
45,L,-0.10274188790166411
46,S,0.0670257202541991
47,P,0.010972753270581425
48,D,-0.02150210304657152
49,D,-0.04645593771116938
50,I,-0.07036338781621179
51,E,-0.0195336490511178
52,Q,0.005913927957587013
53,W,-0.23240861606892554
54,F,-0.11658532867973563
56,E,-0.010277276664639012
57,D,-0.07351012805980517
58,P,-0.016209465112674792
59,G,0.01627325723004691
60,P,0.004800871060601869
61,D,-0.05397643903088025
62,E,-0.04570234624919509
63,A,-0.0414169555075658
