position_mut,AS_old,mean
44,M,-0.10820168750546502
45,L,-0.142341790095432
46,S,-0.14730815553250617
47,P,-0.14265237096480246
48,D,-0.14151759668734723
49,D,-0.13050486558363295
50,I,-0.09021376303118751
51,E,-0.0897505593947349
52,Q,-0.11310388773468427
53,W,-0.2161050374642758
54,F,-0.15931285653795202
55,T,-0.10775779413180481
56,E,-0.050562092742377183
57,D,-0.13861758719610678
58,P,-0.1279609910138019
59,G,-0.136458245055998
60,P,-0.10713340708086154
61,D,-0.12942378409804664
62,E,-0.11138239038948597
63,A,-0.11431890353246875
