position_mut,AS_old,mean
44,M,0.17921852869158816
45,L,-0.08395399259697683
46,S,-0.11348849576594947
47,P,-0.004290804152693599
48,D,-0.022420933828198136
49,D,0.03505799451260394
50,I,-0.2110393466530096
51,E,-0.02590540854992925
52,Q,-0.10100363611963703
53,W,-0.15494975827122773
54,F,-0.062294278724511626
55,T,-0.11811851933512019
56,E,-0.03241330484383972
57,D,-0.029065494594266217
58,P,-0.015691985842743283
59,G,-0.09918517229681374
60,P,0.06323239770319466
61,D,-0.0894749752267292
62,E,-0.10259752422149168
63,A,0.0018655607429229892
