position_mut,AS_old,mean
44,M,0.5086558114957158
45,L,0.5424377708944408
46,S,0.48527519186695156
47,P,0.3231358649648561
48,D,0.31563501309429803
49,D,0.25574109815597074
50,I,0.45708507994875247
51,E,0.31751449324821235
52,Q,0.14494925023508898
53,W,0.4622528504760558
54,F,0.49477699620116694
55,T,0.22969187881147013
56,E,0.2667911323853441
57,D,0.30733004218091675
58,P,0.32605715156737997
59,G,0.39421375219757376
60,P,0.39696832393606357
61,D,0.2690178675924517
62,E,0.260075828930908
63,A,0.2542345993332856
