position_mut,AS_old,mean
44,M,0.4172851197587203
45,L,0.46760031102764027
46,S,0.4582508709445909
47,P,0.4445204982709943
48,D,0.42360775964286856
49,D,0.40824262504479103
50,I,0.4337690291259005
51,E,0.3971672851071485
52,Q,0.37178713405223995
53,W,0.35615773586974353
54,F,0.4182245004115928
55,T,0.36927736785789256
56,E,0.4471837150123005
57,D,0.39403891288378273
58,P,0.440643905519751
59,G,0.4159708300664753
60,P,0.391516995333259
61,D,0.3674120336798058
62,E,0.3247003528844561
63,A,0.3075091381241853
