position_mut,AS_old,mean
44,M,0.6977872022442587
45,L,0.7641489209800127
46,S,0.5348377113419672
47,P,0.5385598405971839
48,D,0.6185096669203797
49,D,0.5209161872940489
50,I,0.46584847193258355
51,E,0.5045553468519383
52,Q,0.4938166331405669
53,W,0.4412532988099619
54,F,0.31652370496276244
55,T,0.35454245387485644
56,E,0.6732926478979712
57,D,0.6117637418465091
58,P,0.4807518095229469
59,G,0.3811997898893083
60,P,0.201539159687929
61,D,0.4244071082264549
62,E,0.2849160912895817
63,A,0.3853520243146106
