position_mut,AS_old,mean
44,M,0.40217434708912536
45,L,0.41747955305687845
46,S,0.3518579135187662
47,P,0.35300725291451
48,D,0.38158434277348857
49,D,0.3514488952349444
50,I,0.3344447853938277
51,E,0.3425071596576842
52,Q,0.3391912010002048
53,W,0.35407837503909884
54,F,0.28444572254699463
55,T,0.29099903152861956
56,E,0.39461078484799167
57,D,0.3795012991937232
58,P,0.33515697342438117
59,G,0.30441675720796696
60,P,0.24894016679531505
61,D,0.32164829482218893
62,E,0.27468575100674725
63,A,0.30569890682667644
