position_mut,AS_old,mean
320,K,0.1313028002732794
321,K,0.1096972330708943
322,P,-0.008069032739580928
323,L,0.2737573204357092
324,D,0.07037501239721525
325,G,0.021471663592349838
326,E,-0.013350874518839132
327,Y,0.2630371155004543
328,F,0.29533598140733236
329,T,0.04826698878539195
330,L,0.07430859800354464
331,Q,0.07154692898428425
332,I,0.26633738375978
333,R,0.15962689391751517
334,G,0.2434232617142547
335,R,-0.032741482773642805
336,E,0.06637028534179663
337,R,0.18928892090406402
338,F,0.23449076271699268
339,E,-0.012475477087150272
340,M,0.34902319535072945
341,F,0.3180014605539767
342,R,0.028996975632394784
343,E,-0.032031398546999545
344,L,0.21888756637262163
345,N,0.1691101047862331
346,E,0.08225186539341672
347,A,0.04582013105599683
348,L,0.280423113969251
349,E,0.16672323064135508
350,L,0.07290426132719674
351,K,0.1693937224633284
352,D,0.024209217323541827
353,A,-0.023838195861464555
354,Q,0.05983232808122809
355,A,0.011707993076811066
