position_mut,AS_old,mean
320,K,-0.2988735084729629
321,K,-0.28487685659400197
322,P,-0.26281389669087935
323,L,-0.17192183629239569
324,D,-0.2336142701017307
325,G,-0.2637331184954439
326,E,-0.24079275717527146
327,Y,-0.3314900477739103
328,F,-0.30834829061451263
329,T,-0.3073987074963238
330,L,-0.3729188157660345
331,Q,-0.2615162650730451
332,I,-0.38877121485093336
333,R,-0.24080579139771058
334,G,-0.29559216310880293
335,R,-0.25605893215625797
336,E,-0.08301288756189817
337,R,-0.4601900546072932
338,F,-0.22995367073714798
339,E,-0.14653072302291198
340,M,-0.12627156792658936
341,F,-0.3867668743055898
342,R,-0.30070570030272614
343,E,-0.04669700984401681
344,L,-0.3044658019095195
345,N,-0.17879382343401576
346,E,-0.08562564681001258
347,A,-0.27784448443555754
348,L,-0.23323516339294423
349,E,-0.20752431991508088
350,L,-0.1645289845260804
351,K,-0.1409943235168991
352,D,-0.1670420827417019
353,A,-0.14669769269710622
354,Q,-0.17257907631140373
355,A,-0.14663896926900694
