position_mut,AS_old,mean
320,K,0.6163456065349733
321,K,0.6550522298840559
322,P,0.6222586390005213
323,L,0.5491460795357063
324,D,0.5859825813245606
325,G,0.5347496840509305
326,E,0.5517177285931343
327,Y,0.4207573120723338
328,F,0.4704436109021888
329,T,0.4618443580632487
330,L,-0.8657146747012678
331,Q,0.32480876821127636
332,I,-1.1448761969589698
333,R,0.46706903199701577
334,G,0.30187638041128334
335,R,0.5132445961342862
336,E,0.9059857189704406
337,R,-0.7939356570865523
338,F,-0.02466079933372257
339,E,0.6833235016816976
340,M,0.5429222916807808
341,F,-1.2893797435961492
342,R,0.5408452224417137
343,E,0.9378600038981857
344,L,-0.3313327443454321
345,N,0.42163635068577454
346,E,0.7184353739859747
347,A,0.9213757025913971
348,L,-0.385193074933983
349,E,0.40446656742135795
350,L,0.7328712066012617
351,K,0.8970199137168722
352,D,0.7258544740854782
353,A,0.8043279892404922
354,Q,0.8074381379503952
355,A,0.8175139816333324
