position_mut,AS_old,mean
320,K,0.18907986543530608
321,K,0.13897408257983107
322,P,0.03066616587889563
323,L,0.13958174564940629
324,D,-0.007168351963987063
325,G,0.0289673693079114
326,E,-0.04427424123585155
327,Y,0.15328324316755154
328,F,0.3316919349413236
329,T,0.027877184263269655
330,L,0.05946972340359735
331,Q,0.050228075299240046
332,I,0.21172607984504443
333,R,0.18626916890254605
334,G,0.13727778859810233
335,R,0.16229042932843074
336,E,0.02930598223388059
337,R,0.22328745869427738
338,F,0.3870562298592407
339,E,0.13459983581414728
340,M,0.2366799467843538
341,F,0.30832928399566306
342,R,0.0025920557056853997
343,E,0.06644712147159497
344,L,0.20943636993752995
345,N,0.13393174404128882
346,E,0.10890798625163245
347,A,0.00699194935977232
348,L,0.23790403178476324
349,E,0.03459418869218115
350,L,0.0922323565385857
351,K,0.06783608623517678
352,D,0.04192643582097322
353,A,-0.014789790632866784
354,Q,0.026638990499426835
355,A,0.08505887441084009
