position_mut,AS_old,mean
320,K,0.3085817887453794
321,K,0.31139986624204485
322,P,0.34322771514619566
323,L,0.41236590293973846
324,D,0.28518430299774056
325,G,0.37047334036441115
326,E,0.36298044065781193
327,Y,0.2276151444171015
328,F,0.3117385911972441
329,T,0.19929200532628205
330,L,-0.4309787983586285
331,Q,0.26013452171687085
332,I,-0.43212089117323693
333,R,0.3091578878294242
334,G,0.20747838657634593
335,R,0.27320013061509
336,E,0.37389369779534504
337,R,-0.008635683492549506
338,F,0.1934266610331744
339,E,0.33588248440120494
340,M,0.3834058030540692
341,F,-0.43331251495515327
342,R,0.15941509321666736
343,E,0.3926909028660899
344,L,-0.1877840286556314
345,N,0.3212208709016182
346,E,0.3707636653237011
347,A,0.3561775240335713
348,L,-0.20831811052704352
349,E,0.05434157073557222
350,L,0.5603361029165889
351,K,0.3126205167224507
352,D,0.30462746063166285
353,A,0.36679343283917687
354,Q,0.3438051243072048
355,A,0.32210581429159163
