position_mut,AS_old,mean
320,K,0.2790709358440668
321,K,0.28058662080193436
322,P,0.319992664909815
323,L,0.346526573990175
324,D,0.3371363094649783
325,G,0.2820813813719635
326,E,0.3260803913590099
327,Y,0.2870967700796748
328,F,0.2623864105713077
329,T,0.2326531615195976
330,L,0.12495576466749257
331,Q,0.23372464577244836
332,I,0.1173079940370653
333,R,0.2955402573093462
334,G,0.1752115186918142
335,R,0.2814446537040372
336,E,0.4079279148078029
337,R,-0.06372073976472632
338,F,0.30918964261040494
339,E,0.39909071189911266
340,M,0.4027397445754302
341,F,0.07117403979903655
342,R,0.1730688817263731
343,E,0.4651448644953225
344,L,0.17625936277720444
345,N,0.3675320574905182
346,E,0.4218404158124746
347,A,0.240296750980755
348,L,0.3067044685784089
349,E,0.30736739252513406
350,L,0.3370233050850998
351,K,0.39779725427366225
352,D,0.3655480575459775
353,A,0.3736546686365373
354,Q,0.3834142528631575
355,A,0.38708912385919053
