position_mut,AS_old,mean
320,K,0.3972530452919935
321,K,0.40920508780340487
322,P,0.3990789037442334
323,L,0.376502808408801
324,D,0.38787738457323157
325,G,0.3720574108009208
326,E,0.3772968962469884
327,Y,0.3368582237373172
328,F,0.3522006303971115
329,T,0.34954530615013557
330,L,-0.060385620991452185
331,Q,0.30723070844638295
332,I,-0.14658664016801753
333,R,0.3511586094962184
334,G,0.3001495205214698
335,R,0.3654169523276177
336,E,0.4866897007609528
337,R,-0.03822130399016662
338,F,0.19931958713589096
339,E,0.41793484548155924
340,M,0.37458099321058014
341,F,-0.19120723434594444
342,R,0.37393962442931034
343,E,0.4965320165073166
344,L,0.1046237494034055
345,N,0.33712965808027867
346,E,0.4287768811365737
347,A,0.4914419039389122
348,L,0.08799246242527421
349,E,0.3318278786499918
350,L,0.43323445635695573
351,K,0.48392119045786464
352,D,0.4310677913765592
353,A,0.4552992718829786
354,Q,0.4562596405842815
355,A,0.4593709146148447
