position_mut,AS_old,mean
320,K,0.29911748805102883
321,K,0.30402602537626333
322,P,0.4316422805481133
323,L,0.5343680920038674
324,D,0.47456495770123364
325,G,0.34917694512513436
326,E,0.45135734887189655
327,Y,0.3251091076861879
328,F,0.2450847455407552
329,T,0.16558967762280266
330,L,-0.19998363859034826
331,Q,0.152263779289152
332,I,-0.23734782194355583
333,R,0.3524532942249857
334,G,-0.020434763920536166
335,R,0.306804760168338
336,E,0.7164200993735707
337,R,-0.8110114511928177
338,F,0.3966567527794686
339,E,0.6878008667930718
340,M,0.6996182388661605
341,F,-0.37415545613197604
342,R,-0.00385943004632594
343,E,0.9017168734290293
344,L,-0.017041326664683203
345,N,0.573001419010244
346,E,0.7614756566741254
347,A,0.17354750553640996
348,L,0.40540442460818643
349,E,0.3907554059903261
350,L,0.48679591424956
351,K,0.6836120114506895
352,D,0.5665762461994365
353,A,0.6054263818365914
354,Q,0.6370327411967394
355,A,0.6489337905248446
